amino acid	character	molecular weight	volume	Hydropathy indexb	Hydrophobicity	Graph shape index	Upsilon steric parameter	Smoothed upsilon steric parameter	STERIMOL lenght	Maximum width	Minimum Width	Polarizability	Normalized Van Der Waals volume	N.m.r chemical shift of alpha-carbon	Localized elecrical effect	Number of hydrogen bond donors	Number of full nonbonding orbitals	Indicator of presence or absence of positive charge in side chain	Indicator of presence or absence of negative charge in side chain	Torsion angle
Alanine	A	89.09	60.4	1.8	0.31	1.28	0.52	0.53	2.87	1.52	2.04	0.046	1.0	7.3	-0.01	0	0	0	0	4.76
Arginine	R	175.21	127.3	-4.5	-1.01	2.34	0.68	0.69	7.82	1.52	6.24	0.291	6.13	11.1	0.04	4	3	1	0	4.30
Asparagine	N	132.12	78	-3.5	-0.60	1.60	0.76	0.58	4.58	1.52	4.37	0.134	2.95	8.0	0.06	2	3	0	0	3.64
Aspartic acid	D	132.1	73.8	-3.5	-0.77	1.60	0.76	0.59	4.74	1.52	3.78	0.105	2.78	9.2	0.15	1	4	0	1	5.69
Cysteine	C	121.16	73.4	2.5	1.54	1.77	0.62	0.66	4.47	1.52	3.41	0.128	2.43	14.4	0.12	0	0	0	0	3.67
Glutamic acid	E	146.12	85.9	-3.5	-0.22	1.56	0.68	0.71	6.11	1.52	3.53	0.180	3.95	10.6	0.05	2	3	0	0	4.54
Glutamine	Q	146.15	93.9	-3.5	-0.64	1.56	0.68	0.72	5.97	1.52	3.31	0.151	3.78	11.4	0.07	1	4	0	1	5.48
Glycine	G	75.07	43.2	-0.4	0.00	0.00	0.00	0.00	2.06	1.00	1.00	0.00	0.00	0.00	0.00	0	0	0	0	3.77
Histidine	H	155.16	98.8	-3.2	0.13	2.99	0.70	0.64	5.23	1.52	5.66	0.230	4.66	10.2	0.08	1	1	1	0	2.84
Isoleucine	I	131.18	107.5	4.5	1.80	4.19	1.02	0.96	4.92	1.9	3.49	0.186	4.00	16.1	-0.01	0	0	0	0	4.81
Leucine	L	131.18	107.5	3.8	1.70	2.59	0.98	0.92	4.92	1.52	4.45	0.186	4.00	10.1	-0.01	0	0	0	0	4.79
Lysine	K	147.2	108.5	-3.9	-0.99	1.89	0.68	0.78	6.89	1.52	4.87	0.219	4.77	10.9	0.00	2	1	1	0	4.27
Methionine	M	149.21	105.3	1.9	1.23	2.35	0.78	0.77	6.36	1.52	4.80	0.221	4.43	10.4	0.04	0	0	0	0	4.25
Phenylalanine	F	165.19	121.2	2.8	1.79	2.94	0.70	0.71	4.62	1.52	6.02	0.290	5.89	13.9	0.03	0	0	0	0	4.31
Proline	P	115.13	81	-1.6	null	2.67	null	null	null	null	null	null	null	17.8		0	0	0	0	null
Serine	S	105.09	60.3	-0.8	-0.04	1.31	0.53	0.55	3.97	1.52	2.70	0.062	1.60	13.1	0.11	1	2	0	0	3.83
Threonine	T	119.12	76.8	-0.7	0.26	3.03	0.50	0.63	4.11	1.73	3.17	0.108	2.60	16.7	0.04	1	2	0	0	3.87
Tryptophane	W	204.23	143.9	-0.9	2.25	3.21	0.7	0.84	7.68	1.52	5.90	0.409	8.08	13.2	0.00	1	0	0	0	4.75
Tyrosine	Y	181.19	123.1	-1.3	0.96	2.94	0.70	0.71	4.73	1.52	6.72	0.298	6.47	13.9	0.03	1	2	0	0	4.30
Valine	V	117.15	90.8	4.2	1.22	3.67	0.76	0.89	4.11	1.90	3.17	0.140	3.0	17.2	0.01	0	0	0	0	4.86
